Temperature,Concentration,Yield
0.0,0.0,0.0005530843449776375
100.0,0.0,0.0005530843701466909
0.0,1.0,0.000553084366741418
100.0,1.0,0.000553084370147679
